{"properties":{"connectionReferences":{"shared_commondataserviceforapps":{"runtimeSource":"embedded","connection":{},"api":{"name":"shared_commondataserviceforapps"}},"shared_office365":{"runtimeSource":"embedded","connection":{},"api":{"name":"shared_office365"}}},"definition":{"$schema":"https://schema.management.azure.com/providers/Microsoft.Logic/schemas/2016-06-01/workflowdefinition.json#","contentVersion":"1.0.0.0","parameters":{"$connections":{"defaultValue":{},"type":"Object"},"$authentication":{"defaultValue":{},"type":"SecureObject"}},"triggers":{"When_a_record_is_created,_updated_or_deleted":{"type":"OpenApiConnectionWebhook","inputs":{"host":{"connectionName":"shared_commondataserviceforapps","operationId":"SubscribeWebhookTrigger","apiId":"/providers/Microsoft.PowerApps/apis/shared_commondataserviceforapps"},"parameters":{"subscriptionRequest/message":1,"subscriptionRequest/entityname":"cr917_pizza","subscriptionRequest/scope":4},"authentication":"@parameters('$authentication')"}}},"actions":{"Get_a_record":{"runAfter":{},"type":"OpenApiConnection","inputs":{"host":{"connectionName":"shared_commondataserviceforapps","operationId":"GetItem","apiId":"/providers/Microsoft.PowerApps/apis/shared_commondataserviceforapps"},"parameters":{"entityName":"cr917_pizzas","recordId":"@triggerOutputs()?['body/cr917_pizzaid']"},"authentication":"@parameters('$authentication')"}},"Fetch_Optionset_Filter_Initialization":{"runAfter":{"Get_a_record":["Succeeded"]},"type":"InitializeVariable","inputs":{"variables":[{"name":"Fetch Optionset Filter Condition","type":"string"}]}},"Initialize_variable":{"runAfter":{"Fetch_Optionset_Filter_Initialization":["Succeeded"]},"type":"InitializeVariable","inputs":{"variables":[{"name":"Multiselect Labels","type":"string"}]}},"Condition":{"actions":{"Compose":{"runAfter":{},"type":"Compose","inputs":"@array(split(outputs('Get_a_record')?['body/cr917_toppings'],','))"},"Apply_to_each":{"foreach":"@outputs('Compose')","actions":{"Append_to_string_variable":{"runAfter":{},"type":"AppendToStringVariable","inputs":{"name":"Fetch Optionset Filter Condition","value":"<value>@{items('Apply_to_each')}</value>"}}},"runAfter":{"Compose":["Succeeded"]},"type":"Foreach"},"List_records":{"runAfter":{"Apply_to_each":["Succeeded"]},"type":"OpenApiConnection","inputs":{"host":{"connectionName":"shared_commondataserviceforapps","operationId":"ListRecords","apiId":"/providers/Microsoft.PowerApps/apis/shared_commondataserviceforapps"},"parameters":{"entityName":"stringmaps","$select":"value","fetchXml":"<fetch no-lock=\"true\" >\n  <entity name=\"stringmap\" >\n    <filter>\n      <condition attribute=\"attributename\" operator=\"eq\" value=\"cr917_toppings\" />\n      <condition attribute=\"attributevalue\" operator=\"in\" >\n@{variables('Fetch Optionset Filter Condition')}\n      </condition>\n    </filter>\n  </entity>\n</fetch>"},"authentication":"@parameters('$authentication')"}},"Apply_to_each_2":{"foreach":"@outputs('List_records')?['body/value']","actions":{"Append_to_string_variable_2":{"runAfter":{},"type":"AppendToStringVariable","inputs":{"name":"Multiselect Labels","value":"@{items('Apply_to_each_2')?['value']}, "}}},"runAfter":{"List_records":["Succeeded"]},"type":"Foreach"}},"runAfter":{"Initialize_variable":["Succeeded"]},"else":{"actions":{"Set_variable":{"runAfter":{},"type":"SetVariable","inputs":{"name":"Multiselect Labels","value":"No toppings selected."}}}},"expression":{"not":{"equals":["@outputs('Get_a_record')?['body/cr917_toppings']",null]}},"type":"If"},"Send_an_email_(V2)":{"runAfter":{"Condition":["Succeeded"]},"type":"OpenApiConnection","inputs":{"host":{"connectionName":"shared_office365","operationId":"SendEmailV2","apiId":"/providers/Microsoft.PowerApps/apis/shared_office365"},"parameters":{"emailMessage/To":"admin@powerapps.live","emailMessage/Subject":"Your Pizza Order","emailMessage/Body":"<p>You got these toppings: @{variables('Multiselect Labels')}</p>"},"authentication":"@parameters('$authentication')"}}},"outputs":{}}},"schemaVersion":"1.0.0.0"}