{"properties":{"connectionReferences":{"shared_commondataserviceforapps":{"runtimeSource":"embedded","connection":{},"api":{"name":"shared_commondataserviceforapps"}},"shared_office365":{"runtimeSource":"embedded","connection":{},"api":{"name":"shared_office365"}}},"definition":{"$schema":"https://schema.management.azure.com/providers/Microsoft.Logic/schemas/2016-06-01/workflowdefinition.json#","contentVersion":"1.0.0.0","parameters":{"$connections":{"defaultValue":{},"type":"Object"},"$authentication":{"defaultValue":{},"type":"SecureObject"}},"triggers":{"When_a_record_is_created,_updated_or_deleted":{"type":"OpenApiConnectionWebhook","inputs":{"host":{"connectionName":"shared_commondataserviceforapps","operationId":"SubscribeWebhookTrigger","apiId":"/providers/Microsoft.PowerApps/apis/shared_commondataserviceforapps"},"parameters":{"subscriptionRequest/message":1,"subscriptionRequest/entityname":"cr917_pizza","subscriptionRequest/scope":4},"authentication":"@parameters('$authentication')"}}},"actions":{"Get_a_record":{"runAfter":{},"type":"OpenApiConnection","inputs":{"host":{"connectionName":"shared_commondataserviceforapps","operationId":"GetItem","apiId":"/providers/Microsoft.PowerApps/apis/shared_commondataserviceforapps"},"parameters":{"entityName":"cr917_pizzas","recordId":"@triggerOutputs()?['body/cr917_pizzaid']"},"authentication":"@parameters('$authentication')"}},"Send_an_email_(V2)":{"runAfter":{"Run_a_Child_Flow":["Succeeded"]},"type":"OpenApiConnection","inputs":{"host":{"connectionName":"shared_office365","operationId":"SendEmailV2","apiId":"/providers/Microsoft.PowerApps/apis/shared_office365"},"parameters":{"emailMessage/To":"admin@powerapps.live","emailMessage/Subject":"Test","emailMessage/Body":"<p>Your toppings are:<br>\n</p>"},"authentication":"@parameters('$authentication')"}},"Run_a_Child_Flow":{"runAfter":{"Get_a_record":["Succeeded"]},"type":"Workflow","inputs":{"host":{"workflowReferenceName":"82a0655a-e0a2-ea11-a812-000d3a36be6a"},"body":{"text":"@outputs('Get_a_record')?['body/cr917_toppings']","text_1":"cr917_pizza"}}}},"outputs":{}}},"schemaVersion":"1.0.0.0"}