{"properties":{"connectionReferences":{"shared_commondataserviceforapps":{"runtimeSource":"embedded","connection":{},"api":{"name":"shared_commondataserviceforapps"}}},"definition":{"$schema":"https://schema.management.azure.com/providers/Microsoft.Logic/schemas/2016-06-01/workflowdefinition.json#","contentVersion":"1.0.0.0","parameters":{"$connections":{"defaultValue":{},"type":"Object"},"$authentication":{"defaultValue":{},"type":"SecureObject"}},"triggers":{"manual":{"type":"Request","kind":"Button","inputs":{"schema":{"type":"object","properties":{"text":{"title":"MultiSelectValue","type":"string","x-ms-dynamically-added":true,"description":"Please enter your input","x-ms-content-hint":"TEXT"},"text_1":{"title":"OptionSetName","type":"string","x-ms-dynamically-added":true,"description":"Please enter your input","x-ms-content-hint":"TEXT"}},"required":["text","text_1"]}}}},"actions":{"Respond_to_a_PowerApp_or_flow":{"runAfter":{"Condition":["Succeeded"]},"type":"Response","kind":"PowerApp","inputs":{"statusCode":200,"body":{"result":"@variables('Optionset Labels')"},"schema":{"type":"object","properties":{"result":{"title":"Result","x-ms-dynamically-added":true,"type":"string"}}}}},"Initialize_Optionset_Fetch_Filter":{"runAfter":{},"type":"InitializeVariable","inputs":{"variables":[{"name":"Fetch Optionset Filter Condition","type":"string"}]}},"Initialize_Returned_Optionset_Labels":{"runAfter":{"Initialize_Optionset_Fetch_Filter":["Succeeded"]},"type":"InitializeVariable","inputs":{"variables":[{"name":"Optionset Labels","type":"string"}]}},"Condition":{"actions":{"Compose":{"runAfter":{},"type":"Compose","inputs":"@array(split(triggerBody()['text'],','))"},"Apply_to_each":{"foreach":"@outputs('Compose')","actions":{"Append_to_string_variable":{"runAfter":{},"type":"AppendToStringVariable","inputs":{"name":"Fetch Optionset Filter Condition","value":"<value>@{items('Apply_to_each')}</value>"}}},"runAfter":{"Compose":["Succeeded"]},"type":"Foreach"},"List_records":{"runAfter":{"Apply_to_each":["Succeeded"]},"type":"OpenApiConnection","inputs":{"host":{"connectionName":"shared_commondataserviceforapps","operationId":"ListRecords","apiId":"/providers/Microsoft.PowerApps/apis/shared_commondataserviceforapps"},"parameters":{"entityName":"stringmaps","$select":"value","fetchXml":"<fetch no-lock=\"true\" >A\n  <entity name=\"stringmap\" >\n    <filter>\n      <condition attribute=\"attributename\" operator=\"eq\" value=\"@{triggerBody()['text_1']}\" />\n      <condition attribute=\"attributevalue\" operator=\"in\" >\n@{variables('Fetch Optionset Filter Condition')}\n      </condition>\n    </filter>\n  </entity>\n</fetch>"},"authentication":{"type":"Raw","value":"@json(decodeBase64(triggerOutputs().headers['X-MS-APIM-Tokens']))['$ConnectionKey']"}}},"Apply_to_each_2":{"foreach":"@outputs('List_records')?['body/value']","actions":{"Append_to_string_variable_2":{"runAfter":{},"type":"AppendToStringVariable","inputs":{"name":"Optionset Labels","value":"@{items('Apply_to_each_2')?['value']},"}}},"runAfter":{"List_records":["Succeeded"]},"type":"Foreach"}},"runAfter":{"Initialize_Returned_Optionset_Labels":["Succeeded"]},"else":{"actions":{"Set_variable":{"runAfter":{},"type":"SetVariable","inputs":{"name":"Optionset Labels","value":"None"}}}},"expression":{"not":{"equals":["@triggerBody()['text']",null]}},"type":"If"}},"outputs":{}}},"schemaVersion":"1.0.0.0"}